{"fx": 907.7987670898438, "fy": 907.607421875, "ppx": 665.1807250976562, "ppy": 376.51361083984375, "height": 720, "width": 1280, "depth_scale": 0.0010000000474974513}